"Word","Age_Of_Acquisition","LgSUBTLCD","NPhon"
"auroraborealis",10.76923077,1.0414,13
"scubagear",8.428571429,1.748,8
"ferriswheel",5.285714286,1.819,9
"windowwasher",8.142857143,1.909,9
"aceofspades",8.115384615,2.017,9
"flightattendant",7.357142857,2.079,11
"jetski",8.928571429,2.348,6
"stingray",7.678571429,2.425,6
"paperairplane",5.142857143,2.55,10
"crossingguard",5.571428571,2.581,10
"boy scout",5.785714286,2.615,6
"skull",6.33,2.702,4
"skullandcrossbones",7.964285714,2.702,15
"dressingroom",6.142857143,2.789,9
"gasstation",4.5,3.206,8
"trainstation",5.107142857,3.246,9
"policestation",4.821428571,3.322,10
"alligator",4.78,2.1,7
"ambulance",6.16,2.862,9
"anteater",8.5,1.079,6
"arch",8.26,2.072,3
"astronaut",6.28,2,8
"awning",11.06,1.279,4
"baby",3.84,3.707,4
"back",5.305,3.918,3
"backyard",3.38,2.45,7
"bag",4.28,3.4,3
"bar",6.9,3.346,3
"barber",6.68,2.179,5
"base",6.42,3.005,3
"basement",6.74,2.833,7
"bathroom",3,3.264,6
"beach",4.8,3.111,3
"beard",4.84,2.602,4
"bedroom",3.9,3.102,6
"billboard",7.72,1.785,7
"bite",3.58,3.176,3
"blanket",3.61,2.682,7
"bouquet",8.72,2.072,4
"bread",3.58,2.956,4
"breakfast",3.47,3.294,8
"bubble",3.79,2.467,4
"buckets",5.61,2.041,6
"buffalo",6.701,2.405,6
"buffet",7.58,2.255,4
"building",6.16,3.382,6
"bunny",4.5,2.533,4
"buoy",9.76,1.477,3
"cabin",6.39,2.663,5
"cabinet",6.06,2.495,7
"cafeteria",7.15,2.34,9
"cage",5.06,2.752,3
"cake",3.26,3.079,3
"camper",6.67,1.69,5
"can",4.32,3.922,3
"cape",6.904,2.354,3
"carpet",6.05,2.586,6
"cast",7.24,2.902,4
"cave",6.74,2.563,3
"chariot",9.11,1.869,6
"chef",8.3,2.509,3
"chessboard",8.37,1.146,7
"circle",3.67,2.839,4
"claw",4.7,2.14,3
"clown",3.72,2.65,4
"coal",6.65,2.228,3
"cobblestone",10.5,0.954,8
"coffee",4.94,3.483,4
"coin",4.17,2.459,3
"colosseum",NA,0.845,8
"column",7.56,2.477,5
"computer",9.7,3.088,8
"conductor",7.44,2.033,8
"cone",4.67,2.061,3
"cook",4.22,3.137,3
"cooler",6.11,2.447,4
"coral",9.06,1.763,5
"corner",5.21,3.257,5
"counter",7.11,2.733,5
"crack",6.33,3.077,4
"crane",6.776,2.504,4
"crowd",7.14,3.09,4
"deck",6.45,2.799,3
"desert",8.35,2.864,5
"desk",5.56,3.148,4
"devil",5,3.069,4
"dock",8.22,2.489,3
"doctor",4.6,3.569,5
"dog",2.8,3.484,3
"dome",8.44,1.875,3
"door",3.05,3.723,3
"dot",4.33,2.267,3
"dragon",5.58,2.444,6
"drawing",4.826,2.752,5
"eel",6.47,1.724,2
"engine",6.28,2.907,5
"fabric",6.68,2.299,6
"family",3.38,3.728,6
"father",4.11,3.736,4
"fin",7.3,1.839,3
"fire",3.25,3.596,3
"fireman",5.05,2.025,6
"flipper",8.58,1.532,5
"flute",8.47,1.857,4
"foot",3.44,3.313,3
"forest",6.28,2.7,6
"forklift",9.11,1.532,8
"fruit",3.63,2.855,4
"furnace",10.6,1.949,5
"game",4.26,3.577,3
"garage",5.26,2.912,5
"gear",7.61,2.748,3
"giant",4.72,2.936,5
"gladiator",8.56,1.477,8
"glass",4.47,3.265,4
"gold",7.1,3.186,4
"grass",3.94,2.741,4
"guard",6.25,3.196,4
"hair",3.17,3.56,3
"handkerchief",7.22,2.182,8
"head",3.42,3.799,3
"hole",5.05,3.244,3
"hook",6.26,3.109,3
"horn",4.84,2.769,4
"hose",5.33,2.471,3
"hug",2.58,2.843,3
"ink",5.16,2.442,3
"insect",4.75,2.041,6
"jester",10.28,1.532,5
"journal",8.5,2.435,4
"jungle",5.26,2.688,5
"kayak",8.8,1.079,4
"king",5.42,3.228,3
"kitchen",3.68,3.259,5
"lantern",8.55,1.851,6
"leg",3,3.201,3
"leopard",6.84,1.929,5
"letter",4.74,3.245,4
"lid",5.95,2.342,3
"lifeguard",5.63,1.748,7
"lightning",4.76,2.558,6
"line",4.85,3.657,3
"lot",6.264,3.857,3
"luggage",7.63,2.574,5
"makeup",7.94,2.716,5
"man",3.11,3.906,3
"mantel",7.72,1.518,5
"map",5.6,2.906,3
"megaphone",10.2,1.146,7
"mermaid",5.68,1.869,5
"milk",3.37,3.101,4
"milkman",6.37,1.58,7
"mine",4.24,3.735,3
"moat",9.65,1.613,3
"money",5.11,3.752,4
"mother",2.63,3.745,4
"neck",3,3.293,3
"net",7,2.734,3
"newspaper",5.78,2.877,7
"nostril",7.37,1.491,7
"octopus",6.26,1.813,7
"office",6.68,3.599,4
"oil",7.33,3.025,2
"origami",9.24,0.301,7
"paddle",6.58,2.033,4
"papers",4,3.167,5
"park",4.47,3.273,4
"pearl",6.275,2.484,3
"perch",9.16,1.58,3
"petal",6.33,1.415,4
"pilot",6.32,2.754,5
"pinata",7,0.301,7
"pirate",6.5,2.215,5
"plank",7.84,1.806,5
"pocket",4.74,3.108,5
"pole",5.63,2.597,3
"porthole",10.12,1.342,7
"present",4.83,3.419,6
"propeller",7,1.748,7
"raft",7.35,2.121,4
"rainbow",4.26,2.367,5
"rectangle",5,1,8
"reflection",5.5,2.354,8
"restaurant",5.95,3.095,9
"robot",5.35,2.337,5
"rock",3.22,3.28,3
"room",4.22,3.796,3
"root",5.94,2.583,3
"sail",6.47,2.54,3
"sash",7.67,1.591,3
"saucer",8.44,1.863,4
"scaffolding",11.22,1.079,8
"screen",5.84,2.885,5
"scroll",9.89,1.69,5
"seed",4.72,2.446,3
"shadow",5,2.796,4
"shelf",5.5,2.439,4
"shell",5.22,2.606,3
"shoulder",4.5,2.99,5
"shutter",7.83,1.732,4
"sidewalk",4.28,2.367,6
"sign",4.32,3.546,3
"smoke",4,3.275,4
"smokestack",8.94,0.903,8
"snail",5.79,1.74,4
"snow",4.11,2.889,3
"soup",5.37,2.883,3
"spot",5.39,3.308,4
"square",4.11,3.031,5
"stage",6.32,3.071,4
"staircase",6.5,1.875,7
"stamp",6.33,2.348,5
"stand",4.39,3.692,5
"star",3.89,3.26,4
"steam",6.26,2.612,4
"stem",7.26,1.982,4
"step",4.11,3.524,4
"stick",3.89,3.477,4
"store",4.76,3.332,4
"street",4.58,3.533,5
"string",4.94,2.704,5
"stripe",4.05,1.732,5
"suit",6.67,3.288,3
"suspender",7.39,0.477,8
"tail",3.7,2.915,3
"tea",5.47,3.149,2
"team",6,3.419,3
"telephone",4.63,2.993,7
"tentacle",8.65,1.146,7
"throne",7.28,2.367,4
"thumb",4.42,2.607,3
"ticket",5.32,3.122,5
"tip",5.42,3.014,3
"tooth",3.61,2.604,3
"top",3.89,3.557,3
"torch",7.84,2.295,4
"towel",3.22,2.721,4
"track",6.94,3.249,4
"traffic",6.22,2.997,6
"trap",6.44,2.907,4
"trash",4.47,2.906,4
"tube",5.5,2.659,3
"tunnel",5.89,2.649,4
"vest",5.83,2.31,4
"wall",3.79,3.324,3
"whale",5.47,2.365,4
"wind",3.89,3.26,4
"wing",4.79,2.765,3
"witch",4.78,2.678,3
"woman",4.95,3.773,5
"worker",6.67,2.622,4
"wrestler",7.48,1.771,5
"lynx",10.53,0.301,5
"skittle",7.07,0.301,5
"firetruck",3.685351,0.301029996,7
"kneepad",8.06,0.301029996,5
"bluejay",5.838,0.477,5
"flyswatter",5.79,0.477,8
"snowshoe",7.68,0.477,5
"teabag",6.67,0.477,5
"paperclip",6.42,0.477121255,8
"platypus",7.71,0.602,8
"toucan",8.69,0.602,5
"chorizo",13.46,0.698970004,6
"spiderweb",4.900249,0.698970004,8
"sandcastle",5.42,0.699,9
"chard",14,0.778,4
"compasses",8.44,0.778,8
"dartboard",8.44,0.778,8
"saltshaker",5.42,0.778,8
"highchair",3.79,0.77815125,5
"yoyo",5.624925,0.77815125,4
"ladybird",10.53,0.845,7
"pincers",10.85,0.845,6
"bowtie",7.94,0.84509804,4
"teepee",5.89,0.84509804,4
"anchovy",9.32,0.903,6
"seahorse",5.83,0.903,6
"showerhead",8.05,0.903,6
"xylophone",7.11,0.903,7
"maracas",7.703703704,0.903089987,7
"clothespin",7.83,0.954,7
"dropper",8.56,0.954,5
"mussel",10,0.954,4
"sandal",5.21,0.954,5
"unicycle",7.26,0.954242509,9
"pomegranate",11.17,1,10
"dustpan",6.47,1.041,6
"strainer",9.63,1.079,6
"turnstile",13.67,1.079,7
"birdhouse",5.43,1.079181246,6
"jellybeans",3.25,1.079181246,8
"cufflinks",9.84,1.114,8
"thimble",8.05,1.114,5
"ladybug",4.84,1.146,7
"stoplight",5.89,1.146128036,7
"centipede",7.39,1.176,8
"drumsticks",5.071428571,1.176,9
"fritter",13,1.176,5
"igloo",5.42,1.176,4
"seesaw",4.81,1.176,4
"undershirt",5.56,1.176,7
"shanty",13.33,1.204,5
"hotdog",4.55,1.204119983,6
"acorn",5.95,1.23,5
"paintbrush",6.22,1.23,8
"cymbals",8.12932,1.255,6
"tricycle",4.05,1.255,7
"hippopotamus",7,1.279,11
"armchair",6.56,1.301,6
"dalmatian",6.06,1.301,7
"starfish",5.76,1.301,7
"snowboard",11.14,1.301029996,7
"crayon",3.2,1.322,5
"armadillo",8.609,1.342,8
"zucchini",6.79,1.342,6
"jackhammer",8.1,1.361727836,7
"porcupine",6.89,1.362,9
"artichoke",10,1.38,7
"bib",4.53,1.38,3
"cauliflower",6.18,1.38,8
"hummingbird",6.95,1.38,8
"kiwi",7.56,1.38,4
"pistachio",8.74,1.38,8
"wheelbarrow",6.78,1.38,8
"lawnmower",6.11,1.380211242,6
"anvil",10.79,1.398,4
"swordfish",9.33,1.398,7
"tongs",7.778,1.398,4
"staples",7.18,1.415,6
"trampoline",6.79,1.415,9
"clipboard",7.76,1.431,8
"fondue",10.78,1.431,5
"radish",5.25,1.431,5
"shoelace",4.16,1.431,5
"tulip",7.149,1.431,5
"blackberry",8.95,1.447,8
"hinge",7.95,1.447,4
"ladle",9.83,1.447,4
"llama",8.61,1.447,4
"mousetrap",6.78,1.447,7
"stroller",7.84,1.447,6
"boomerang",9.79,1.462,7
"clog",9.39,1.462,4
"eraser",4.95,1.462,5
"hoe",8.72,1.462,2
"pendant",10.3,1.462,7
"pitchfork",6.89,1.462,7
"tampon",12.11,1.462,6
"gazebo",9.76,1.477,6
"pasty",11.17,1.477,5
"rhinoceros",6,1.477,9
"surfboard",NA,1.477,7
"whisk",8.72,1.477,5
"carnation",10.21,1.491,7
"stapler",5.83,1.491,6
"chainsaw",7,1.491361694,5
"nutcracker",7.24,1.505,8
"spatula",7.32,1.505,7
"tripod",9.26,1.505,6
"antlers",6.39,1.518,6
"tambourine",6.53,1.518,8
"ostrich",6.42,1.532,6
"skyscraper",8.26,1.532,9
"cheetah",8.16,1.544,4
"seagull",5.42,1.544,5
"teapot",6.22,1.556,5
"grasshopper",5.78,1.568,8
"thermos",8.29,1.568,5
"treadmill",11.15,1.568,7
"urinal",8.47,1.568,6
"almonds",7.67,1.58,6
"panda",5.67,1.58,5
"toothpick",6.83,1.58,6
"unicorn",4.83,1.58,8
"croissant",10.15,1.591,7
"pelican",8.22,1.591,7
"flamingo",6.32,1.602,8
"windmill",5.32,1.602,7
"blimp",6.63,1.613,5
"horseshoe",5.85,1.613,6
"jellyfish",6.61,1.613,7
"plunger",9.63,1.613,6
"rhino",5.89,1.613,4
"walrus",5.06,1.613,6
"eggplant",8.3,1.623,7
"hammock",7.11,1.623,5
"asparagus",6.79,1.633,9
"avocado",9.29,1.643,7
"wasp",5.58,1.643,4
"corkscrew",7.78,1.653,8
"harmonica",7.32,1.653,9
"pear",4,1.653,3
"saxophone",9.1,1.653,8
"tweezers",7.16,1.653,6
"toolbox",6.67,1.653212514,7
"fig",8.06,1.663,3
"slingshot",6.53,1.663,7
"doghouse",6.74,1.672,6
"funnel",8.44,1.672,4
"accordion",8.61,1.672,8
"escalator",7.11,1.69,8
"sailboat",4.65,1.69,6
"mixer",7.05,1.699,5
"pliers",7,1.699,5
"banjo",8.44,1.708,5
"carousel",6.68,1.708,7
"chestnut",6.55,1.708,6
"raccoon",6.79,1.708,5
"volleyball",7.05,1.708,7
"dragonfly",6.8,1.716,9
"slipper",5.26,1.716,5
"bleachers",NA,1.724,6
"calculator",8.22,1.724,10
"skis",6.68,1.724,4
"snowman",3.47,1.724,6
"hanger",6.78,1.74,4
"scorpion",7.84,1.748,8
"beetle",5.32,1.763,4
"peacock",5.763,1.763,5
"giraffe",5,1.763,5
"popsicle",3.78,1.770852012,8
"frisbee",5.5,1.771,6
"walnut",6.16,1.771,6
"zebra",4.79,1.771,5
"blender",6.84,1.778,6
"kangaroo",5.55,1.778,7
"raven",8.56,1.778,4
"armour",7.17,1.785,4
"penguin",5.68,1.785,7
"skateboard",6.94,1.785,8
"folder",8.21,1.792,5
"lollipop",3.89,1.792,7
"poppy",10.367,1.792,4
"raisin",5.05,1.792,4
"sled",4.89,1.799,4
"celery",5.78,1.806,6
"headphones",7.74,1.806,7
"bathrobe",7.9,1.813,6
"vulture",8.89,1.813,5
"lighthouse",6.11,1.819,6
"chopsticks",7.854453,1.826,8
"keyboard",9.32,1.826,6
"waterfall",5.47,1.833,7
"broccoli",5.2,1.839,7
"watermelon",4.22,1.839,9
"binoculars",6.79,1.845,10
"salsa",9.78,1.84509804,5
"crocodile",5.11,1.851,8
"dart",7.38,1.857,4
"waffle",5.32,1.857,4
"raspberry",5.33,1.857332496,7
"cucumber",5.72,1.863,8
"dolphin",6.05,1.863,6
"deodorant",8.83,1.869,8
"printer",7.61,1.869,6
"mosquito",6.1,1.881,7
"squid",7.32,1.881,5
"canoe",6.63,1.887,4
"kite",4.58,1.887,3
"raisins",5.05,1.887,5
"pineapple",6.25,1.898,6
"scooter",6.68,1.898,5
"thermometer",6.63,1.898,8
"tile",6.8,1.898,3
"cherries",5.58,1.903,5
"iceberg",8.21,1.909,5
"antenna",7.05,1.914,6
"harp",7.55,1.914,4
"mushroom",6.44,1.924,6
"screwdriver",6,1.929,9
"cactus",6.72,1.935,6
"rake",5.32,1.944,3
"telescope",6.95,1.944,8
"blueberry",6.22,1.949,7
"bagel",8.9,1.973127854,5
"magnet",6.1,1.978,6
"earring",7.17,1.982,5
"parrot",5.58,1.982,5
"cathedral",10.58,2,8
"pyramid",7.61,2,7
"trumpet",6.28,2,7
"cupcake",4.11,2.004,6
"cellphone",14.669556,2.004321374,6
"rooster",6.41,2.013,5
"microscope",9.16,2.017,9
"tractor",5.5,2.029,6
"apron",6.75,2.033,5
"hen",6.39,2.033,3
"pitcher",6.42,2.033,4
"skunk",5.32,2.033,5
"stocking",6.68,2.033,6
"swan",6.318,2.033,4
"spear",7.22,2.037,4
"volcano",6.74,2.037,7
"cabbage",5.78,2.041,5
"fingerprint",7.56,2.045,10
"ant",4.32,2.049,3
"plum",5.5,2.053,4
"lizard",5.42,2.064,5
"cork",9.05,2.068,4
"ashtray",5.95,2.072,5
"toaster",6.72,2.075,5
"zipper",5,2.075,4
"parachute",7,2.083,7
"vase",7.89,2.086,3
"violin",7.45,2.09,6
"carrot",2.74,2.093,5
"lettuce",4.28,2.093,5
"lime",6.61,2.093,3
"skate",5.37,2.093,4
"compass",8.44,2.097,6
"triangle",4.9,2.1,7
"moose",5.22,2.104,3
"beaver",5.21,2.107,4
"wrench",7.84,2.107,4
"grapes",3.94,2.114,5
"backpack",5.38,2.121,6
"laptop",12.44,2.127104798,6
"sunglasses",5.56,2.137,9
"owl",6.21,2.14,2
"camel",5.11,2.143,4
"ruler",5.94,2.143,4
"chimney",6.58,2.146,5
"coconut",6.5,2.149,7
"submarine",7.94,2.149,8
"chalk",4.47,2.158,3
"sushi",11.19,2.161,4
"bricks",6.43,2.176,5
"mop",5.11,2.182,3
"axe",6.11,2.185,3
"onion",6.05,2.185,5
"grenade",9.72,2.19,6
"marble",7.05,2.19,5
"gorilla",5.74,2.196,6
"ribbon",5.25,2.196,5
"stool",6.21,2.196,4
"mailbox",6.11,2.201,7
"dresser",4.28,2.204,5
"diaper",3.4,2.207,4
"marker",4.89,2.207,5
"cane",5.74,2.212,3
"donkey",6,2.212,5
"doughnut",5.42,2.212,5
"peas",3.95,2.215,3
"microwave",7.67,2.22,8
"scarf",5.68,2.22,5
"squirrel",4.44,2.22,7
"mummy",5.47,2.223,4
"strawberry",4.21,2.223,8
"microphone",6.25,2.233,8
"crackers",4.9,2.236,6
"daisy",5.55,2.253,4
"broom",5.5,2.255,4
"grill",6.53,2.26,4
"pigeon",6.21,2.26,5
"olive",6.68,2.265,4
"butterfly",3.67,2.272,7
"anchor",5.72,2.276,4
"crab",5.28,2.276,4
"fireplace",7.37,2.279,7
"mill",8.17,2.283,3
"garlic",6.89,2.286,6
"toothbrush",4.33,2.286,7
"bracelet",5.68,2.288,7
"spaghetti",4.33,2.29,7
"earrings",7.17,2.295,6
"arrow",6.07,2.297,3
"lobster",7.44,2.305,6
"cracker",4.9,2.308,5
"ginger",8.05,2.31,5
"wheat",6.53,2.31,4
"tomato",4.61,2.31,6
"scissors",4.5,2.318,5
"globe",6.5,2.32,4
"vacuum",6.74,2.32,6
"umbrella",5.68,2.322,7
"flashlight",5.61,2.324,7
"crib",6.05,2.328,4
"peach",4.21,2.328,3
"wheelchair",6.89,2.337,7
"leaf",4.6,2.338,3
"handcuffs",6.28,2.34,8
"comb",5.5,2.346,3
"ski",6.68,2.348,3
"bathtub",3.22,2.352,6
"trophy",5.55,2.354,5
"sausage",6.05,2.356,5
"sofa",4.5,2.356,4
"sponge",5,2.358,5
"calendar",5.89,2.362,7
"mattress",5.1,2.364,6
"feather",4.67,2.365,4
"spider",3.43,2.365,5
"fountain",7.17,2.377,5
"bicycle",4.26,2.38,6
"jeep",6.32,2.38,3
"jeans",5.26,2.387,4
"motorcycle",5.05,2.387,8
"deer",5.17,2.391,3
"shrimp",7.11,2.393,5
"straw",4.22,2.393,4
"bee",5,2.396,2
"puzzle",5.11,2.396,4
"elbow",4.78,2.398,4
"razor",7.11,2.403,4
"shovel",6.28,2.403,4
"brick",6.43,2.408,4
"cannon",7.9,2.408,5
"shield",6.5,2.41,4
"shark",5.47,2.413,4
"turtle",4.17,2.415,4
"balloon",4.37,2.418,5
"speaker",6.11,2.426,5
"balcony",8.1,2.428,7
"pepper",5.47,2.428,4
"drum",4.63,2.433,4
"spoon",2.5,2.433,4
"worm",3.89,2.435,3
"pumpkin",4.78,2.441,7
"eagle",5.83,2.447,3
"necklace",5,2.447,6
"stove",4.32,2.452,4
"rocket",5.63,2.461,5
"candle",5.37,2.465,5
"trailer",6.37,2.465,5
"dentist",5.22,2.47,7
"dice",6.37,2.471,3
"medal",6.83,2.473,4
"jar",5.44,2.474,3
"sock",2.94,2.481,3
"helmet",5.71,2.483,6
"popcorn",4.17,2.491,7
"ladder",4.399,2.497,4
"elephant",4.8,2.498,7
"refrigerator",4.11,2.498,11
"fork",3.63,2.501,4
"statue",7.55,2.502,5
"bartender",8.9,2.505,8
"banana",3.78,2.513,6
"cart",6.16,2.513,4
"envelope",6.25,2.514,7
"lion",4.42,2.517,4
"curtain",4.95,2.521,4
"lipstick",5.42,2.521,7
"guitar",5.32,2.534,5
"bench",4.21,2.535,4
"lemon",4.74,2.538,5
"airplane",3.94,2.55,6
"rug",4.61,2.55,3
"lighter",7.117,2.553,4
"shorts",3.95,2.553,5
"peanut",5,2.56,5
"crown",7.8,2.561,4
"pan",4.72,2.565,3
"suitcase",8.22,2.571,6
"barrel",7.72,2.573,5
"boot",3.89,2.574,3
"wolf",4.5,2.576,4
"cherry",5.58,2.578,4
"castle",5.8,2.583,4
"tire",6.16,2.584,3
"lamp",4,2.586,4
"potato",4.84,2.587,6
"skirt",5.67,2.587,4
"policeman",4.44,2.588,8
"toe",3,2.588,2
"cigar",7.67,2.589,5
"pill",6.06,2.589,3
"cloud",3.63,2.59,4
"pencil",4.06,2.593,5
"scale",8.85,2.593,4
"fridge",4.67,2.594,4
"sheep",4.25,2.594,3
"barn",4.5,2.598,4
"hammer",5.42,2.598,4
"bacon",5,2.602,5
"battery",5.58,2.602,6
"mouse",4.94,2.603,3
"fox",5.017,2.613,4
"basketball",5.3,2.624,9
"basket",5.67,2.632,6
"needle",5.32,2.636,4
"waiter",8.28,2.638,4
"tiger",4,2.645,4
"tent",5.16,2.649,4
"rabbit",3.94,2.651,5
"rice",3.72,2.651,3
"cookie",3.37,2.652,4
"helicopter",5.26,2.654,9
"pillow",3.47,2.657,4
"drawer",5.37,2.666,4
"sword",5.45,2.666,4
"drill",7.14,2.669,4
"sweater",5.22,2.669,5
"seal",5.42,2.675,3
"diamond",6.47,2.676,6
"mask",4.8,2.682,4
"locker",8.22,2.692,4
"flag",5.33,2.697,4
"soap",3.17,2.713,3
"priest",7.1,2.719,5
"snake",5.1,2.722,4
"knee",4.42,2.728,2
"tower",6.33,2.733,3
"nut",5.21,2.742,3
"fence",6.28,2.743,4
"bat",4.85,2.75,3
"slide",4.79,2.756,4
"piano",5.5,2.777,5
"bow",4.95,2.785,2
"salt",5.05,2.788,4
"cap",5.53,2.792,3
"iron",7.32,2.795,3
"flower",3.11,2.799,4
"bride",5.1,2.805,4
"painting",5.26,2.806,6
"baseball",4.83,2.807,6
"pipe",8.17,2.809,3
"sink",4.47,2.811,4
"doll",3.68,2.812,3
"rope",5.44,2.816,3
"bull",4.53,2.824,3
"butter",5.78,2.828,4
"purse",5.53,2.828,3
"tank",7.17,2.829,4
"wave",4.26,2.833,3
"bowl",4.26,2.834,3
"island",7.41,2.836,5
"orange",3.26,2.836,5
"apple",4.15,2.839,3
"wallet",5.89,2.839,5
"duck",3.5,2.848,3
"nail",5.42,2.852,3
"egg",3.89,2.861,2
"cow",3.94,2.863,2
"chain",5.22,2.869,3
"pot",5.95,2.883,3
"monkey",4.21,2.894,5
"pie",3.67,2.898,2
"couch",3.74,2.899,3
"football",4.84,2.907,6
"pen",5.11,2.912,3
"plant",3.95,2.92,5
"rose",6.11,2.92,3
"soldier",6.94,2.92,5
"belt",4.62,2.924,4
"pizza",4.67,2.925,5
"stairs",4.22,2.928,5
"wheel",4.4,2.93,4
"swing",4.16,2.933,4
"cigarette",6.39,2.935,7
"mirror",4.89,2.941,3
"mountain",6.15,2.947,5
"shoe",2.6,2.951,2
"button",4.78,2.955,4
"candy",4,2.956,5
"gate",5.32,2.956,3
"van",5.199,2.962,3
"plate",3.84,2.967,4
"toilet",3.54,2.98,5
"jacket",3.95,2.988,5
"bullet",6.7,3.003,5
"glasses",4.346,3.004,6
"paint",4.45,3.011,4
"bell",3.89,3.015,3
"bridge",5.58,3.02,4
"pig",3.84,3.024,3
"lips",3.79,3.025,4
"fan",5.63,3.041,3
"toast",4.67,3.043,4
"ear",3.63,3.044,2
"tongue",4.47,3.048,3
"cheese",4.33,3.054,3
"roof",5,3.06,3
"ship",5.33,3.066,3
"moon",4.83,3.067,3
"chest",5.05,3.071,4
"bird",3.52,3.078,3
"pool",5.15,3.079,3
"knife",4.15,3.099,3
"coat",3.58,3.105,3
"finger",3.43,3.11,5
"shower",4.72,3.114,3
"block",4.79,3.12,4
"church",5.15,3.127,3
"screw",6.65,3.127,4
"sea",4.74,3.132,2
"camera",6,3.142,5
"cat",3.68,3.142,3
"shirt",3.53,3.146,3
"keys",3.58,3.155,3
"boat",3.84,3.164,3
"tie",4.74,3.17,2
"tape",4.42,3.172,3
"bear",3.58,3.176,3
"wine",7.9,3.182,3
"bus",3.85,3.189,3
"chair",3.43,3.192,3
"truck",3.79,3.192,4
"match",5.72,3.193,3
"bottle",3.56,3.194,4
"cup",3.57,3.195,3
"chicken",3.26,3.196,5
"horse",4.15,3.198,4
"level",6,3.202,4
"tree",3.57,3.21,3
"radio",5.17,3.211,5
"clock",4.42,3.215,4
"cross",4.74,3.231,4
"fish",4.05,3.233,3
"hat",3.33,3.238,3
"train",4,3.246,4
"pants",3.227,3.248,5
"lock",5.74,3.271,3
"arm",3.26,3.289,3
"sun",3.4,3.292,3
"brain",5.76,3.3,4
"ball",2.9,3.316,3
"ring",4.53,3.317,3
"fly",3.05,3.326,3
"nose",2.95,3.328,3
"key",3.58,3.336,2
"dress",4.05,3.34,4
"tv",3.472211,3.354876423,4
"box",4.3,3.372,4
"window",4.74,3.388,5
"paper",4,3.42,4
"floor",4.44,3.437,4
"road",4.55,3.442,3
"table",4.39,3.461,4
"gun",5.58,3.474,3
"mouth",3.58,3.48,3
"eye",3.75,3.507,1
"book",3.68,3.511,3
"city",6.56,3.521,4
"safe",5.11,3.547,3
"bed",2.89,3.614,3
"bit",6.47,3.706,3
"car",3.37,3.712,3
"hand",2.74,3.745,4
"watch",4.33,3.77,3
"house",3.16,3.781,3
"saw",5.359,3.808,2
"well",6.158,3.911,3
"icecube",NA,1.964,6
"icepack",6.89,3.202,5
"lightbulb",5.89,2.173,7
"piggybank",5.508,2.086,8
"airhockeytable",7.785714286,2.387,10
"badmintonracket",7.518518519,1.204,14
"bandaid",4.601853,2.696,6
"baseballbat",4.214285714,2.75,9
"bedsidetable",5.333333333,1.987,10
"beerbottle",7.357142857,3.194,7
"birdfeeder",5.25,1.505,7
"birdsnest",4.25,2.566,8
"bottlecap",4.178571429,2.792,7
"bowlingball",5.535714286,2.439,8
"bowlingpin",5.642857143,2.439,8
"boxinggloves",7.830924,2.243,11
"brassknuckles",10.96153846,2.104,9
"brownsugar",5.785714286,3.06,8
"bumpercar",6.178571429,2.121,8
"candycane",3.214285714,2.212,8
"canopener",6.95705,2.017,8
"cashregister",4.785714286,2.627,10
"ceilingfan",6,2.545,8
"chefshat",6.153846154,2.509,7
"christmaslights",3.785714286,3.141,11
"christmastree",4.143602,3.141,10
"coffeebeans",7.666666667,2.632,8
"coffeemachine",5.892857143,3.274,9
"cookiecutter",4.75,1.857,8
"cruiseship",7.892857143,2.598,7
"discoball",9.642857143,2.188,8
"dreamcatcher",11.60714286,1.968,8
"ducttape",7.571428571,2.045,7
"eiffeltower",8.75,1.6335,7
"exitsign",6,2.756,8
"filingcabinet",8.892857143,2.303,12
"firehydrant",5.3585,1.681,10
"fishingpole",6.179089,2.597,8
"fishingrod",7.639098,2.425,8
"fishtank",5.944635,2.829,7
"footballhelmet",5.5,2.483,12
"fortunecookie",6.357142857,2.652,10
"fountainpen",7.32,2.377,8
"fryingpan",6.807852,2.086,8
"golfball",5.25,2.782,7
"granolabar",6,1.3979,10
"guitarcase",6.821428571,2.534,8
"hairclip",6.714285714,2.348,7
"hockeypuck",6.642857143,1.756,7
"hockeystick",6.321428571,2.387,8
"icecreamcone",3.321428571,2.061,9
"ipad",4,2.516,4
"ironingboard",6.584055,1.785,9
"jumprope",5.795437,2.816,7
"leafblower",6.555555556,1.255,7
"licenseplate",6.535714286,2.967,9
"lightswitch",5.944635,3,7
"magnifyingglass",5.928571429,1.653,13
"measuringcup",5.607142857,2.041,9
"measuringtape",6.464285714,2.041,9
"cremebrulee",14,1,9
"mrpotatohead",4.107142857,2.587,14
"musicsheet",6.607142857,2.667,9
"nailclipper",4.928571429,1.613,8
"nailpolish",5.214285714,2.513,8
"noparkingsign",7.5,2.969,11
"nosmokingsign",6.821428571,2.975,11
"nunchuks",9.24,0.301,7
"paintroller",7.071428571,2.288,8
"palmtree",7.436615,2.639,7
"parkingmeter",7.285714286,2.364,10
"partyhat",3.892857143,3.238,8
"pencilcase",5.321428571,2.593,8
"pencilsharpener",5.305215,1.255,12
"pictureframe",5.107142857,2.723,9
"pingpongtable",6.857142857,1.544,10
"pirateflag",5.481481481,2.215,9
"pokerchips",9.535714286,2.639,8
"polarbear",5.071428571,1.949,7
"pooltable",7.649755,3.079,7
"punchingbag",7.91618,2.243,9
"puzzlepiece",4,2.396,7
"qtip",5.142857143,3.014,6
"railroadtracks",7.052963,2.468,11
"razorshell",12.07142857,2.403,7
"recyclingbin",6.357142857,1.813,11
"rockingchair",5.78478,2.209,8
"rollerblade",10.8,2.288,8
"rollerskate",6.31763,2.093,8
"rollingpin",7.59647,2.737,8
"rubikscube",8.928571429,0.301,10
"safetypin",6.53077,2.737,8
"schoolbus",3.928571429,3.189,7
"sewingmachine",5.710181,2.209,9
"shipinabottle",7.384615385,3.066,10
"skiboot",8.464285714,2.348,6
"soccerball",4.892857143,2.418,7
"spicerack",7.642857143,2.209,7
"spinningtop",4.185185185,2.464,9
"stapleremover",8.777777778,1.462,11
"steeringwheel",5.411785,2.238,10
"tablefootball",7.958333333,2.907,10
"taperecorder",8.502315,2.253,10
"teddybear",2.75,2.418,7
"tennisball",5.928571429,2.606,8
"tennisracket",7.266103,2.479,10
"toiletpaper",5.092075,2.98,9
"totempole",8.672827,1.447,8
"toyhorse",3,2.751,6
"toysoldier",4.357142857,2.751,7
"tshirt",3.964285714,3.146,5
"walkietalkie",6.071428571,0.9031,8
"washingmachine",4.804336,2.572,10
"waterbottle",4.071428571,3.194,8
"waterfountain",4.178571429,2.377,9
"wateringcan",7.223475,1.996,9
"windshieldwiper",5.25,1.362,12
"witchhat",4.214285714,2.678,6
